{
    "difference": 0.0,
    "group_sums_ASC": [
        73.4
    ],
    "group_sums_DESC": [
        73.4
    ],
    "repeats": {
        "16.900000": 1,
        "26.800000": 1,
        "29.700000": 1
    }
}